Type,Value,Days,Delay
Race,WHITE,34,NOTICE_SYMPTOMS
Race,AFRICAN_AMERICAN,42,NOTICE_SYMPTOMS
Race,WHITE,50,INFERRING_ILLNESS
Race,AFRICAN_AMERICAN,61,INFERRING_ILLNESS
Race,WHITE,132,DECIDES_TO_SEEK_MEDICAL_ATTENTION
Race,AFRICAN_AMERICAN,142,DECIDES_TO_SEEK_MEDICAL_ATTENTION
Race,WHITE,22,RECEIVE_MEDICAL_ATTENTION
Race,AFRICAN_AMERICAN,23,RECEIVE_MEDICAL_ATTENTION
Race,WHITE,34,START_TREATMENT
Race,AFRICAN_AMERICAN,28,START_TREATMENT
HealthInsurance,COVERED_BY_HEALTH_INSURANCE,20,NOTICE_SYMPTOMS
HealthInsurance,NOT_COVERED_BY_HEALTH_INSURANCE,44,NOTICE_SYMPTOMS
HealthInsurance,COVERED_BY_HEALTH_INSURANCE,51,INFERRING_ILLNESS
HealthInsurance,NOT_COVERED_BY_HEALTH_INSURANCE,60,INFERRING_ILLNESS
HealthInsurance,COVERED_BY_HEALTH_INSURANCE,82,DECIDES_TO_SEEK_MEDICAL_ATTENTION
HealthInsurance,NOT_COVERED_BY_HEALTH_INSURANCE,172,DECIDES_TO_SEEK_MEDICAL_ATTENTION
HealthInsurance,COVERED_BY_HEALTH_INSURANCE,20,RECEIVE_MEDICAL_ATTENTION
HealthInsurance,NOT_COVERED_BY_HEALTH_INSURANCE,35,RECEIVE_MEDICAL_ATTENTION
HealthInsurance,COVERED_BY_HEALTH_INSURANCE,26,START_TREATMENT
HealthInsurance,NOT_COVERED_BY_HEALTH_INSURANCE,36,START_TREATMENT



