Year,Race,Age,InitialCancerIndex,Stage,Gender
2000,AMERICAN_INDIAN,50,104.71448817321775,STAGE_2,MALE,NONE
2000,AFRICAN_AMERICAN,80,106.34366331785056,STAGE_1,FEMALE,NONE
2000,WHITE,77,107.87257581601834,STAGE_1,MALE,NONE
2000,AFRICAN_AMERICAN,57,103.24408776372294,STAGE_2,MALE,NONE
2000,AFRICAN_AMERICAN,76,103.24723582191527,STAGE_3,FEMALE,NONE
2000,AMERICAN_INDIAN,55,105.74354899374282,STAGE_1,MALE,NONE
2000,WHITE,56,103.23886084503232,STAGE_3,FEMALE,NONE
2000,AFRICAN_AMERICAN,88,103.24052615573969,STAGE_4,FEMALE,TWO_OR_MORE
2000,ASIAN,80,108.23889305354662,STAGE_3,FEMALE,NONE
2000,SOME_OTHER_RACE,83,109.23563612177945,STAGE_4,FEMALE,NONE
2000,WHITE,55,103.23717113478939,STAGE_2,FEMALE,NONE
2000,ASIAN,53,105.72962647957272,STAGE_1,MALE,NONE
2000,AFRICAN_AMERICAN,67,105.72586626088744,STAGE_1,FEMALE,NONE
2000,SOME_OTHER_RACE,57,105.73891437274493,STAGE_1,FEMALE,NONE
2000,AFRICAN_AMERICAN,65,103.19880933858117,STAGE_2,MALE,ONE
2000,ASIAN,58,108.20981162195093,STAGE_3,MALE,NONE
2000,AFRICAN_AMERICAN,82,103.22030769017653,STAGE_2,MALE,NONE
2000,AFRICAN_AMERICAN,53,103.21815653972082,STAGE_3,FEMALE,NONE
2000,AFRICAN_AMERICAN,79,109.12804622445601,STAGE_4,MALE,TWO_OR_MORE
2000,WHITE,58,109.21036697724087,STAGE_4,MALE,NONE
2000,AFRICAN_AMERICAN,67,103.18013334423523,STAGE_3,FEMALE,TWO_OR_MORE
2000,WHITE,65,103.12550693594352,STAGE_2,MALE,ONE
2000,AFRICAN_AMERICAN,68,103.20084339357318,STAGE_4,MALE,NONE
2000,AMERICAN_INDIAN,76,109.20293143087547,STAGE_4,FEMALE,NONE
2000,WHITE,61,103.17019023814295,STAGE_2,MALE,NONE
2000,WHITE,52,103.1549159519966,STAGE_2,MALE,ONE
2000,SOME_OTHER_RACE,53,109.20631485792197,STAGE_4,MALE,NONE
2000,AFRICAN_AMERICAN,54,103.18781072103712,STAGE_4,MALE,NONE
2000,WHITE,42,103.2239097907985,STAGE_2,MALE,ONE
2000,AFRICAN_AMERICAN,62,103.17756078912598,STAGE_2,FEMALE,ONE
2000,WHITE,85,105.68608893955171,STAGE_1,MALE,NONE
2000,AFRICAN_AMERICAN,60,105.7029342476799,STAGE_1,FEMALE,NONE
2000,AFRICAN_AMERICAN,49,103.1915158438715,STAGE_2,MALE,NONE
2000,AFRICAN_AMERICAN,51,103.13438221200774,STAGE_2,MALE,TWO_OR_MORE
2000,AFRICAN_AMERICAN,75,103.13811514639534,STAGE_3,MALE,ONE
2000,AFRICAN_AMERICAN,53,109.19074653733855,STAGE_4,MALE,NONE
2000,WHITE,77,103.11843031124045,STAGE_3,FEMALE,ONE
2000,AFRICAN_AMERICAN,55,109.19558466302239,STAGE_4,FEMALE,NONE
2000,WHITE,74,103.16511449026856,STAGE_2,FEMALE,NONE
2000,WHITE,72,103.07504478381858,STAGE_2,FEMALE,ONE
2000,AMERICAN_INDIAN,60,108.19870239701872,STAGE_3,FEMALE,NONE
2000,AFRICAN_AMERICAN,66,103.11525899476783,STAGE_3,MALE,ONE
2000,AMERICAN_INDIAN,64,108.15557431301708,STAGE_4,MALE,NONE
2000,WHITE,61,109.09200801503722,STAGE_4,MALE,NONE
2000,AFRICAN_AMERICAN,54,103.18914134266896,STAGE_4,FEMALE,NONE
2000,AFRICAN_AMERICAN,62,103.12925736846252,STAGE_2,MALE,NONE
2000,WHITE,78,108.10253600547934,STAGE_3,FEMALE,NONE
2000,WHITE,53,103.11190179076935,STAGE_2,MALE,ONE
2000,AFRICAN_AMERICAN,58,103.15079583679216,STAGE_3,FEMALE,ONE
2000,AFRICAN_AMERICAN,61,103.09981464576742,STAGE_3,MALE,ONE
2000,AFRICAN_AMERICAN,58,102.96682655419367,STAGE_2,MALE,ONE
2000,AFRICAN_AMERICAN,47,103.17728566843962,STAGE_2,MALE,NONE
2000,AFRICAN_AMERICAN,69,103.16953996287126,STAGE_2,FEMALE,NONE
2000,WHITE,66,102.93769385224941,STAGE_2,MALE,ONE
2000,AFRICAN_AMERICAN,66,103.1472159740883,STAGE_2,FEMALE,NONE
2000,WHITE,62,103.06999176374818,STAGE_2,MALE,NONE
2000,WHITE,70,103.08121271540995,STAGE_2,MALE,NONE
2000,WHITE,65,109.08491171206036,STAGE_4,MALE,NONE
2000,AFRICAN_AMERICAN,58,103.17339782001596,STAGE_2,FEMALE,NONE
2000,AMERICAN_INDIAN,71,108.15282353665593,STAGE_3,FEMALE,NONE
2000,ASIAN,59,109.07215593277307,STAGE_4,FEMALE,TWO_OR_MORE
2000,AMERICAN_INDIAN,64,109.13501026900698,STAGE_4,MALE,NONE
2001,ASIAN,75,105.56881410108574,STAGE_1,MALE,NONE
2001,WHITE,53,105.64539986538904,STAGE_2,FEMALE,NONE
2001,WHITE,75,108.07129829058518,STAGE_2,FEMALE,NONE
2001,AFRICAN_AMERICAN,52,103.20216688189042,STAGE_3,FEMALE,NONE
2001,ASIAN,69,107.95274239799929,STAGE_4,MALE,TWO_OR_MORE
2001,WHITE,76,109.10451489021956,STAGE_4,MALE,NONE
2001,WHITE,69,105.53178035005627,STAGE_1,MALE,NONE
2001,WHITE,85,103.15509755072566,STAGE_2,FEMALE,NONE
2001,WHITE,73,103.10537854145763,STAGE_2,FEMALE,NONE
2001,WHITE,54,108.04011157914638,STAGE_4,MALE,NONE
2001,AFRICAN_AMERICAN,90,103.18149531100946,STAGE_2,MALE,NONE
2001,AFRICAN_AMERICAN,62,103.12565291196836,STAGE_2,MALE,NONE
2001,WHITE,54,109.03985865221118,STAGE_4,MALE,NONE
2001,AFRICAN_AMERICAN,67,103.10290859411717,STAGE_3,FEMALE,NONE
2001,AMERICAN_INDIAN,58,109.1135475096484,STAGE_4,MALE,NONE
2001,AFRICAN_AMERICAN,73,103.0997358749923,STAGE_3,MALE,NONE
2001,WHITE,82,109.02704803720266,STAGE_3,MALE,NONE
2001,WHITE,52,109.15858882075788,STAGE_3,MALE,NONE
2001,AMERICAN_INDIAN,60,109.1000927832741,STAGE_4,MALE,NONE
2001,AFRICAN_AMERICAN,65,103.13774094487702,STAGE_4,FEMALE,NONE
2001,SOME_OTHER_RACE,63,105.59755644044833,STAGE_2,FEMALE,NONE
2001,AMERICAN_INDIAN,61,109.06311831024802,STAGE_4,MALE,NONE
2001,WHITE,52,109.06286212100179,STAGE_3,MALE,NONE
2001,AFRICAN_AMERICAN,76,108.12527893696937,STAGE_4,FEMALE,NONE
2001,WHITE,79,103.05728434619964,STAGE_3,FEMALE,NONE
2001,WHITE,68,107.82777516261702,STAGE_2,MALE,ONE
2001,AMERICAN_INDIAN,54,108.11569937751332,STAGE_4,MALE,NONE
2001,AFRICAN_AMERICAN,56,103.07123737174359,STAGE_2,MALE,NONE
2001,AFRICAN_AMERICAN,54,105.63992459258395,STAGE_1,FEMALE,NONE
2001,AFRICAN_AMERICAN,93,103.06197388961589,STAGE_2,MALE,ONE
2001,WHITE,94,108.9180090345095,STAGE_4,FEMALE,NONE
2001,AFRICAN_AMERICAN,67,102.0924689039631,STAGE_4,MALE,ONE
2001,AFRICAN_AMERICAN,80,102.6610720978413,STAGE_3,FEMALE,NONE
2001,AFRICAN_AMERICAN,72,102.57630903866244,STAGE_2,FEMALE,ONE
2001,ASIAN,70,108.56867835829478,STAGE_4,MALE,NONE
2001,WHITE,59,102.44338564774853,STAGE_2,MALE,NONE
2001,AFRICAN_AMERICAN,73,103.07383844250519,STAGE_2,FEMALE,NONE
2001,AFRICAN_AMERICAN,52,105.63388498295785,STAGE_1,FEMALE,NONE
2001,AFRICAN_AMERICAN,43,103.20881543797367,STAGE_2,MALE,NONE
2001,AMERICAN_INDIAN,60,107.99422234465972,STAGE_3,MALE,NONE
2001,AFRICAN_AMERICAN,59,103.054096577802,STAGE_2,FEMALE,NONE
2001,AFRICAN_AMERICAN,73,102.80203559174579,STAGE_2,MALE,TWO_OR_MORE
2001,WHITE,71,108.03920452658923,STAGE_3,MALE,NONE
2001,AFRICAN_AMERICAN,55,105.36691665936289,STAGE_1,MALE,TWO_OR_MORE
2001,ASIAN,66,109.0682815271728,STAGE_2,FEMALE,NONE
2001,WHITE,85,103.00898858109498,STAGE_2,FEMALE,ONE
2001,AFRICAN_AMERICAN,64,102.98881173792739,STAGE_2,MALE,NONE
2001,WHITE,80,102.57860533051462,STAGE_2,MALE,ONE
2001,ASIAN,57,105.50973913754098,STAGE_1,FEMALE,NONE
2001,AFRICAN_AMERICAN,55,102.98463403130894,STAGE_2,FEMALE,TWO_OR_MORE
2001,AFRICAN_AMERICAN,75,103.01658685730901,STAGE_2,FEMALE,NONE
2001,SOME_OTHER_RACE,64,108.99303548366875,STAGE_4,MALE,NONE
2001,WHITE,90,105.58399778648389,STAGE_1,MALE,NONE
2001,AMERICAN_INDIAN,61,107.96136941466916,STAGE_3,MALE,NONE
2001,AFRICAN_AMERICAN,71,102.76625075882849,STAGE_2,MALE,ONE
2001,SOME_OTHER_RACE,65,108.03210467740261,STAGE_3,FEMALE,NONE
2001,AFRICAN_AMERICAN,65,102.99400812518518,STAGE_2,FEMALE,NONE
2001,ASIAN,56,105.44441946724544,STAGE_1,FEMALE,ONE
2002,WHITE,56,102.81904413821955,STAGE_4,MALE,NONE
2002,AFRICAN_AMERICAN,73,102.73549254857373,STAGE_4,FEMALE,TWO_OR_MORE
2002,WHITE,71,102.8776179617995,STAGE_3,FEMALE,NONE
2002,AFRICAN_AMERICAN,83,103.06299924282116,STAGE_2,FEMALE,NONE
2002,AFRICAN_AMERICAN,72,102.76252019794485,STAGE_2,MALE,TWO_OR_MORE
2002,AFRICAN_AMERICAN,78,102.91686821102374,STAGE_2,MALE,ONE
2002,WHITE,65,102.66921853747988,STAGE_2,FEMALE,TWO_OR_MORE
2002,SOME_OTHER_RACE,84,109.01535206352128,STAGE_4,FEMALE,NONE
2002,AFRICAN_AMERICAN,73,102.74225721018205,STAGE_3,MALE,ONE
2002,AMERICAN_INDIAN,77,105.47438707072459,STAGE_1,MALE,NONE
2002,WHITE,70,102.6638872322258,STAGE_3,FEMALE,TWO_OR_MORE
2002,AFRICAN_AMERICAN,60,102.87063874173725,STAGE_4,FEMALE,ONE
2002,AFRICAN_AMERICAN,73,102.50007304477457,STAGE_4,MALE,TWO_OR_MORE
2002,AFRICAN_AMERICAN,83,102.92405718114381,STAGE_1,MALE,NONE
2002,AFRICAN_AMERICAN,83,102.90850530849431,STAGE_2,FEMALE,ONE
2002,WHITE,52,102.9063934462193,STAGE_3,MALE,NONE
2002,AFRICAN_AMERICAN,63,103.00904876765239,STAGE_3,FEMALE,NONE
2002,AMERICAN_INDIAN,75,105.45150737197567,STAGE_1,FEMALE,NONE
2002,AMERICAN_INDIAN,77,108.95569961663,STAGE_4,FEMALE,NONE
2002,AFRICAN_AMERICAN,65,108.96450752207994,STAGE_4,FEMALE,NONE
2002,WHITE,72,107.6469428609656,STAGE_4,MALE,NONE
2002,WHITE,78,102.81252097049047,STAGE_4,MALE,NONE
2002,ASIAN,85,108.0031459245531,STAGE_3,MALE,NONE
2002,WHITE,72,102.56420085325573,STAGE_3,FEMALE,ONE
2002,AFRICAN_AMERICAN,57,102.83108822292454,STAGE_2,MALE,TWO_OR_MORE
2002,WHITE,36,103.17072102031376,STAGE_2,MALE,NONE
2002,WHITE,64,102.95012827705972,STAGE_2,MALE,NONE
2002,AFRICAN_AMERICAN,78,102.944965546583,STAGE_2,MALE,NONE
2002,ASIAN,82,107.68561081529378,STAGE_3,MALE,NONE
2002,AFRICAN_AMERICAN,71,102.58254656106531,STAGE_2,MALE,ONE
2002,AFRICAN_AMERICAN,73,102.58000202689162,STAGE_2,MALE,ONE
2002,ASIAN,58,108.89577972309651,STAGE_4,MALE,NONE
2002,AFRICAN_AMERICAN,65,102.870159170859,STAGE_2,FEMALE,ONE
2002,AFRICAN_AMERICAN,85,102.89696292488621,STAGE_3,MALE,ONE
2002,AFRICAN_AMERICAN,71,102.90968597965252,STAGE_3,FEMALE,NONE
2002,AFRICAN_AMERICAN,62,102.93690481850473,STAGE_3,FEMALE,NONE
2002,AFRICAN_AMERICAN,83,105.51886961761707,STAGE_1,MALE,NONE
2002,WHITE,61,108.33528965600432,STAGE_4,MALE,ONE
2002,AFRICAN_AMERICAN,58,105.51984397645074,STAGE_1,FEMALE,NONE
2002,ASIAN,65,102.2533167230716,STAGE_3,MALE,ONE
2002,WHITE,71,102.86375119357591,STAGE_4,FEMALE,NONE
2002,ASIAN,70,105.19555381739983,STAGE_1,MALE,NONE
2002,AFRICAN_AMERICAN,67,102.34037777625984,STAGE_2,MALE,TWO_OR_MORE
2002,AFRICAN_AMERICAN,59,102.94585220063112,STAGE_2,FEMALE,NONE
2002,ASIAN,78,102.59348770931501,STAGE_2,MALE,NONE
2002,AMERICAN_INDIAN,71,107.84221705899142,STAGE_4,FEMALE,NONE
2002,AFRICAN_AMERICAN,55,102.8014148819564,STAGE_2,FEMALE,ONE
2002,AFRICAN_AMERICAN,57,102.94825697623692,STAGE_2,MALE,NONE
2002,WHITE,55,105.35074659131969,STAGE_1,MALE,NONE
2002,AFRICAN_AMERICAN,56,103.0026207101709,STAGE_3,MALE,NONE
2002,WHITE,55,102.73933062983012,STAGE_3,MALE,NONE
2002,AFRICAN_AMERICAN,62,108.92541583155729,STAGE_4,FEMALE,NONE
2003,WHITE,80,102.48021057590566,STAGE_3,MALE,ONE
2003,AFRICAN_AMERICAN,77,102.90359308979846,STAGE_3,MALE,NONE
2003,WHITE,53,102.64113737926762,STAGE_2,MALE,ONE
2003,WHITE,56,102.75737619015437,STAGE_2,MALE,NONE
2003,ASIAN,81,105.18667506474014,STAGE_1,MALE,NONE
2003,AFRICAN_AMERICAN,75,102.46417790089565,STAGE_2,MALE,ONE
2003,WHITE,71,105.03572102764953,STAGE_1,MALE,NONE
2003,WHITE,77,102.53035609395295,STAGE_2,MALE,NONE
2003,AFRICAN_AMERICAN,77,105.3575706228875,STAGE_1,FEMALE,NONE
2003,WHITE,66,107.65658616015283,STAGE_3,MALE,NONE
2003,WHITE,75,102.50069839169106,STAGE_2,MALE,NONE
2003,ASIAN,83,107.79995918316425,STAGE_4,MALE,NONE
2003,AFRICAN_AMERICAN,59,102.98600996281499,STAGE_2,FEMALE,NONE
2003,AFRICAN_AMERICAN,69,102.83227347943637,STAGE_4,MALE,NONE
2003,ASIAN,58,105.32567241514394,STAGE_1,MALE,NONE
2003,WHITE,77,102.66530150917092,STAGE_4,MALE,NONE
2003,AFRICAN_AMERICAN,64,102.67641091696885,STAGE_3,FEMALE,TWO_OR_MORE
2003,WHITE,70,102.4363382136762,STAGE_2,MALE,NONE
2003,WHITE,60,105.20317495702916,STAGE_1,MALE,NONE
2003,AFRICAN_AMERICAN,67,102.80849296810847,STAGE_2,FEMALE,NONE
2003,AFRICAN_AMERICAN,64,102.96017228991144,STAGE_2,FEMALE,NONE
2003,AMERICAN_INDIAN,66,108.79385455573183,STAGE_4,MALE,NONE
2003,ASIAN,54,107.92934629244625,STAGE_3,FEMALE,NONE
2003,WHITE,82,102.51421262395269,STAGE_2,MALE,NONE
2003,WHITE,56,107.76815316648063,STAGE_3,MALE,NONE
2003,WHITE,63,107.69832773357139,STAGE_3,FEMALE,NONE
2003,AFRICAN_AMERICAN,54,102.84148664963166,STAGE_2,MALE,ONE
2003,AFRICAN_AMERICAN,71,102.59788917354264,STAGE_2,MALE,ONE
2003,WHITE,68,102.75405638275413,STAGE_2,FEMALE,NONE
2003,AFRICAN_AMERICAN,67,102.5810123602217,STAGE_2,FEMALE,ONE
2003,AFRICAN_AMERICAN,54,102.84148664963166,STAGE_2,MALE,ONE
2003,AFRICAN_AMERICAN,71,102.59788917354264,STAGE_2,MALE,ONE
2003,WHITE,68,102.75405638275413,STAGE_2,FEMALE,NONE
2003,AFRICAN_AMERICAN,67,102.5810123602217,STAGE_2,FEMALE,ONE
2003,AFRICAN_AMERICAN,54,102.84148664963166,STAGE_2,MALE,ONE
2003,AFRICAN_AMERICAN,71,102.59788917354264,STAGE_2,MALE,ONE
2003,WHITE,68,102.75405638275413,STAGE_2,FEMALE,NONE
2003,AFRICAN_AMERICAN,67,102.5810123602217,STAGE_2,FEMALE,ONE
2003,AFRICAN_AMERICAN,54,102.69899222684019,STAGE_4,MALE,TWO_OR_MORE
2003,SOME_OTHER_RACE,59,105.19947148326962,STAGE_1,MALE,NONE
2003,SOME_OTHER_RACE,77,108.87883146108624,STAGE_4,FEMALE,NONE
2003,AFRICAN_AMERICAN,70,102.66120080092577,STAGE_4,MALE,NONE
2003,AMERICAN_INDIAN,72,105.13052803076863,STAGE_1,MALE,NONE
2003,AFRICAN_AMERICAN,66,102.81649859061002,STAGE_4,FEMALE,NONE
2003,ASIAN,70,105.24423264611713,STAGE_1,FEMALE,NONE
2003,AFRICAN_AMERICAN,67,102.75233840147318,STAGE_3,FEMALE,ONE
2003,AFRICAN_AMERICAN,69,102.03530482593682,STAGE_2,MALE,TWO_OR_MORE
2003,AFRICAN_AMERICAN,77,101.98567642490396,STAGE_2,MALE,TWO_OR_MORE
2003,WHITE,77,104.6972880206578,STAGE_1,FEMALE,TWO_OR_MORE
2003,AFRICAN_AMERICAN,70,102.54499746177893,STAGE_2,FEMALE,ONE
2003,WHITE,82,102.54494675211576,STAGE_2,FEMALE,NONE
2003,AFRICAN_AMERICAN,56,108.95844970519892,STAGE_4,FEMALE,NONE
2003,AFRICAN_AMERICAN,82,107.76414172622945,STAGE_4,FEMALE,NONE
2004,AMERICAN_INDIAN,58,105.14677237582481,STAGE_1,MALE,NONE
2004,WHITE,60,102.57234096780647,STAGE_2,FEMALE,NONE
2004,AFRICAN_AMERICAN,75,102.75784553983583,STAGE_4,FEMALE,NONE
2004,WHITE,63,102.54076416692473,STAGE_3,MALE,NONE
2004,AFRICAN_AMERICAN,62,102.65738578797142,STAGE_3,MALE,NONE
2004,WHITE,54,107.590696567003,STAGE_3,MALE,NONE
2004,AFRICAN_AMERICAN,76,108.7329355520305,STAGE_4,FEMALE,NONE
2004,WHITE,57,105.08445281266877,STAGE_1,MALE,NONE
2004,AFRICAN_AMERICAN,58,102.88485045305711,STAGE_3,FEMALE,NONE
2004,WHITE,67,104.54016541259068,STAGE_1,MALE,ONE
2004,SOME_OTHER_RACE,68,107.65268040321078,STAGE_3,FEMALE,NONE
2004,SOME_OTHER_RACE,58,105.19430953049263,STAGE_1,FEMALE,NONE
2004,WHITE,74,102.47010509148436,STAGE_3,FEMALE,NONE
2004,WHITE,66,102.03334319679868,STAGE_3,MALE,ONE
2004,AFRICAN_AMERICAN,87,102.39199305892815,STAGE_4,MALE,TWO_OR_MORE
2004,WHITE,72,102.44751516268973,STAGE_4,MALE,NONE
2004,AFRICAN_AMERICAN,64,102.89759606990057,STAGE_3,FEMALE,NONE
2004,AFRICAN_AMERICAN,62,102.32941886605138,STAGE_2,MALE,NONE
2004,AFRICAN_AMERICAN,63,102.52703238138176,STAGE_2,MALE,NONE
2004,WHITE,47,102.4336017959971,STAGE_2,FEMALE,TWO_OR_MORE
2004,WHITE,61,102.10733857781877,STAGE_2,FEMALE,TWO_OR_MORE
2004,AFRICAN_AMERICAN,93,102.68943871246992,STAGE_4,FEMALE,TWO_OR_MORE
2004,AFRICAN_AMERICAN,80,108.84081796302758,STAGE_4,FEMALE,NONE
2004,AFRICAN_AMERICAN,86,102.66694761053198,STAGE_2,MALE,ONE
2004,WHITE,62,108.72810531680845,STAGE_4,FEMALE,NONE
2004,AFRICAN_AMERICAN,54,102.55165372634043,STAGE_2,MALE,ONE
2004,AFRICAN_AMERICAN,83,102.38787717630734,STAGE_2,MALE,ONE
2004,AMERICAN_INDIAN,71,108.50875590453919,STAGE_4,MALE,NONE
2004,AFRICAN_AMERICAN,73,102.51947830000844,STAGE_2,MALE,NONE
2004,AFRICAN_AMERICAN,51,102.90074713481197,STAGE_2,MALE,NONE
2004,WHITE,61,101.79161252076801,STAGE_3,FEMALE,TWO_OR_MORE
2004,AMERICAN_INDIAN,64,105.0516084809941,STAGE_1,MALE,NONE
2004,WHITE,67,101.97032573781296,STAGE_2,MALE,ONE
2004,WHITE,56,102.38133675941357,STAGE_2,MALE,NONE
2004,AFRICAN_AMERICAN,55,102.92806837724619,STAGE_2,FEMALE,NONE
2004,AFRICAN_AMERICAN,44,103.08344087264487,STAGE_2,MALE,NONE
2004,WHITE,76,102.59911079368702,STAGE_2,FEMALE,NONE
2004,WHITE,58,102.35762526627012,STAGE_2,FEMALE,ONE
2004,WHITE,85,101.83209847358505,STAGE_2,FEMALE,TWO_OR_MORE
2004,AMERICAN_INDIAN,61,108.51398244857559,STAGE_4,MALE,NONE
2004,AFRICAN_AMERICAN,85,101.90130884357569,STAGE_2,MALE,ONE
2004,AMERICAN_INDIAN,57,108.57235082319903,STAGE_4,MALE,NONE
2004,AFRICAN_AMERICAN,85,102.90518185680376,STAGE_2,FEMALE,NONE
2004,AFRICAN_AMERICAN,66,102.4996838010027,STAGE_2,MALE,NONE
2004,AFRICAN_AMERICAN,66,102.4996838010027,STAGE_2,MALE,NONE
2004,AFRICAN_AMERICAN,66,102.4996838010027,STAGE_2,MALE,NONE
2004,AFRICAN_AMERICAN,66,102.4996838010027,STAGE_2,MALE,NONE
2004,AFRICAN_AMERICAN,66,102.4996838010027,STAGE_2,MALE,NONE
2004,AFRICAN_AMERICAN,59,105.23316588066174,STAGE_1,FEMALE,NONE
2004,AFRICAN_AMERICAN,86,102.79421255768602,STAGE_2,MALE,NONE
2004,AFRICAN_AMERICAN,86,102.79421255768602,STAGE_2,MALE,NONE
2004,SOME_OTHER_RACE,55,108.78560330691596,STAGE_4,FEMALE,NONE