Year,age,Reason,Gender,Race
2000,80,Failed Treatment,FEMALE,SOME_OTHER_RACE
2000,83,Failed Treatment,FEMALE,SOME_OTHER_RACE
2000,63,Died from cancer,FEMALE,AFRICAN_AMERICAN
2000,70,Died from cancer,MALE,ASIAN
2000,65,Failed Treatment,FEMALE,WHITE
2000,55,Died from cancer,MALE,AFRICAN_AMERICAN
2000,77,Failed Treatment,MALE,AMERICAN_INDIAN
2002,71,Died from cancer,FEMALE,SOME_OTHER_RACE
2002,84,Failed Treatment,MALE,WHITE
2000,53,Died from cancer,MALE,AFRICAN_AMERICAN
2000,55,Failed Treatment,FEMALE,AMERICAN_INDIAN
2000,62,Failed Treatment,FEMALE,ASIAN
2000,66,Died from cancer,MALE,AFRICAN_AMERICAN
2000,79,Failed Treatment,MALE,AMERICAN_INDIAN
2000,58,Failed Treatment,MALE,WHITE
2000,53,Failed Treatment,FEMALE,ASIAN
2000,62,Failed Treatment,FEMALE,AMERICAN_INDIAN
2000,66,Died from cancer,MALE,ASIAN
2000,63,Died from cancer,MALE,WHITE
2000,53,Failed Treatment,MALE,AFRICAN_AMERICAN
2000,55,Failed Treatment,FEMALE,AFRICAN_AMERICAN
2000,79,Died from cancer,FEMALE,WHITE
2000,65,Failed Treatment,MALE,AFRICAN_AMERICAN
2000,64,Failed Treatment,MALE,WHITE
2000,52,Failed Treatment,FEMALE,WHITE
2000,76,Failed Treatment,MALE,ASIAN
2001,54,Failed Treatment,MALE,AFRICAN_AMERICAN
2001,58,Failed Treatment,MALE,AFRICAN_AMERICAN
2001,82,Failed Treatment,MALE,ASIAN
2001,85,Died from cancer,FEMALE,SOME_OTHER_RACE
2001,52,Failed Treatment,MALE,AMERICAN_INDIAN
2001,61,Failed Treatment,FEMALE,AFRICAN_AMERICAN
2001,57,Failed Treatment,MALE,WHITE
2001,61,Failed Treatment,MALE,AMERICAN_INDIAN
2001,57,Failed Treatment,MALE,SOME_OTHER_RACE
2001,60,Failed Treatment,MALE,AFRICAN_AMERICAN
2001,54,Failed Treatment,MALE,ASIAN
2001,80,Died from cancer,FEMALE,WHITE
2001,78,Failed Treatment,MALE,AMERICAN_INDIAN
2001,66,Failed Treatment,FEMALE,AFRICAN_AMERICAN
2001,64,Failed Treatment,MALE,AMERICAN_INDIAN
2001,56,Failed Treatment,FEMALE,SOME_OTHER_RACE
2001,72,Failed Treatment,FEMALE,AFRICAN_AMERICAN
2001,84,Failed Treatment,FEMALE,SOME_OTHER_RACE
2001,73,Died from cancer,FEMALE,WHITE
2001,62,Failed Treatment,MALE,WHITE
2001,74,Failed Treatment,FEMALE,AFRICAN_AMERICAN
2001,77,Failed Treatment,FEMALE,WHITE
2002,72,Died from cancer,MALE,AFRICAN_AMERICAN
2002,77,Failed Treatment,FEMALE,AMERICAN_INDIAN
2002,65,Failed Treatment,FEMALE,AFRICAN_AMERICAN
2002,72,Failed Treatment,MALE,AMERICAN_INDIAN
2002,82,Failed Treatment,MALE,ASIAN
2002,64,Failed Treatment,MALE,SOME_OTHER_RACE
2002,56,Failed Treatment,FEMALE,SOME_OTHER_RACE
2002,62,Failed Treatment,MALE,AFRICAN_AMERICAN
2002,53,Failed Treatment,MALE,ASIAN
2002,72,Failed Treatment,MALE,WHITE
2002,84,Failed Treatment,MALE,AFRICAN_AMERICAN
2002,58,Failed Treatment,MALE,AMERICAN_INDIAN
2002,71,Failed Treatment,FEMALE,SOME_OTHER_RACE
2002,61,Failed Treatment,MALE,WHITE
2002,58,Failed Treatment,FEMALE,AFRICAN_AMERICAN
2002,71,Failed Treatment,FEMALE,AMERICAN_INDIAN
2002,61,Failed Treatment,MALE,ASIAN
2003,66,Failed Treatment,FEMALE,AFRICAN_AMERICAN
2003,62,Failed Treatment,FEMALE,AMERICAN_INDIAN
2003,83,Failed Treatment,MALE,WHITE
2003,74,Failed Treatment,FEMALE,ASIAN
2003,66,Failed Treatment,MALE,AMERICAN_INDIAN
2003,62,Failed Treatment,FEMALE,ASIAN
2003,83,Failed Treatment,MALE,WHITE
2003,74,Failed Treatment,FEMALE,AFRICAN_AMERICAN
2003,58,Failed Treatment,FEMALE,AFRICAN_AMERICAN
2003,72,Failed Treatment,MALE,WHITE
2003,84,Failed Treatment,MALE,AFRICAN_AMERICAN
2003,58,Failed Treatment,MALE,WHITE
2003,60,Failed Treatment,MALE,WHITE
2003,77,Failed Treatment,FEMALE,ASIAN
2003,57,Failed Treatment,MALE,AFRICAN_AMERICAN
2003,80,Failed Treatment,MALE,AFRICAN_AMERICAN
2003,56,Failed Treatment,FEMALE,ASIAN
2004,76,Failed Treatment,MALE,SOME_OTHER_RACE
2004,80,Failed Treatment,MALE,AMERICAN_INDIAN
2004,58,Failed Treatment,FEMALE,AFRICAN_AMERICAN
2004,71,Failed Treatment,MALE,
2004,61,Failed Treatment,FEMALE,AMERICAN_INDIAN
2004,87,Failed Treatment,FEMALE,SOME_OTHER_RACE
2004,61,Failed Treatment,MALE,AFRICAN_AMERICAN
2004,72,Died from cancer,MALE,ASIAN
2004,84,Failed Treatment,MALE,WHITE
2004,94,Failed Treatment,FEMALE,AMERICAN_INDIAN
2004,70,Failed Treatment,MALE,AFRICAN_AMERICAN
2004,56,Failed Treatment,MALE,AMERICAN_INDIAN
2004,73,Failed Treatment,FEMALE,SOME_OTHER_RACE
2004,57,Failed Treatment,MALE,AFRICAN_AMERICAN
2004,58,Failed Treatment,FEMALE,SOME_OTHER_RACE
2004,66,Died from cancer,MALE,WHITE
2004,70,Failed Treatment,FEMALE,WHITE
2004,68,Failed Treatment,FEMALE,AFRICAN_AMERICAN