Type,Label,Percent,Screening,Year
Age,50-59,47,COLONOSCOPY,2000
Age,60-64,63,COLONOSCOPY,2000
Age,65+,68,COLONOSCOPY,2000
Uninsured,AFRICAN_AMERICAN,20,COLONOSCOPY,2000
Uninsured,WHITE,23,COLONOSCOPY,2000
Insured,AFRICAN_AMERICAN,58,COLONOSCOPY,2000
Insured,WHITE,62,COLONOSCOPY,2000
Age,50-59,37,COLONOSCOPY,2001
Age,60-64,57,COLONOSCOPY,2001
Age,65+,64,COLONOSCOPY,2001
Age,50-59,34,COLONOSCOPY,2002
Age,60-64,52,COLONOSCOPY,2002
Age,65+,55,COLONOSCOPY,2002
Age,50-59,36,COLONOSCOPY,2003
Age,60-64,51,COLONOSCOPY,2003
Age,65+,53,COLONOSCOPY,2003
Age,50-59,34,COLONOSCOPY,2004
Age,60-64,50,COLONOSCOPY,2004
Age,65+,54,COLONOSCOPY,2004
