Year,Race,Stage
2000,WHITE,STAGE_1
2000,AFRICAN_AMERICAN,STAGE_1
2000,AMERICAN_INDIAN,STAGE_2
2000,WHITE,STAGE_1
2000,WHITE,STAGE_1
2000,WHITE,STAGE_1
2000,ASIAN,STAGE_2
2000,AFRICAN_AMERICAN,STAGE_2
2000,SOME_OTHER_RACE,STAGE_2
2000,WHITE,STAGE_1
2000,ASIAN,STAGE_3
2000,WHITE,STAGE_1
2000,WHITE,STAGE_1
2000,WHITE,STAGE_1
2000,WHITE,STAGE_1
2000,WHITE,STAGE_1
2000,AMERICAN_INDIAN,STAGE_4
2000,WHITE,STAGE_1
2000,AFRICAN_AMERICAN,STAGE_1
2000,WHITE,STAGE_2
2000,WHITE,STAGE_1
2000,AFRICAN_AMERICAN,STAGE_2
2000,AFRICAN_AMERICAN,STAGE_1
2000,AFRICAN_AMERICAN,STAGE_1
2000,AFRICAN_AMERICAN,STAGE_1
2000,WHITE,STAGE_1
2000,WHITE,STAGE_1
2000,AFRICAN_AMERICAN,STAGE_1
2000,WHITE,STAGE_1
2000,AMERICAN_INDIAN,STAGE_3
2000,AMERICAN_INDIAN,STAGE_3
2000,WHITE,STAGE_4
2000,AFRICAN_AMERICAN,STAGE_1
2000,WHITE,STAGE_1
2000,WHITE,STAGE_1
2000,AFRICAN_AMERICAN,STAGE_1
2000,WHITE,STAGE_3
2000,AFRICAN_AMERICAN,STAGE_1
2000,AFRICAN_AMERICAN,STAGE_1
2000,WHITE,STAGE_1
2000,WHITE,STAGE_1
2000,AFRICAN_AMERICAN,STAGE_1
2000,WHITE,STAGE_1
2000,AFRICAN_AMERICAN,STAGE_1
2000,WHITE,STAGE_1
2000,ASIAN,STAGE_4
2000,AFRICAN_AMERICAN,STAGE_1
2000,AMERICAN_INDIAN,STAGE_3
2000,ASIAN,STAGE_2
2000,ASIAN,STAGE_2
2000,ASIAN,STAGE_3
2000,ASIAN,STAGE_3
2001,WHITE,STAGE_2
2001,WHITE,STAGE_1
2001,WHITE,STAGE_1
2001,WHITE,STAGE_3
2001,AFRICAN_AMERICAN,STAGE_1
2001,AFRICAN_AMERICAN,STAGE_1
2001,AFRICAN_AMERICAN,STAGE_1
2001,AFRICAN_AMERICAN,STAGE_1
2001,AFRICAN_AMERICAN,STAGE_1
2001,SOME_OTHER_RACE,STAGE_2
2001,AMERICAN_INDIAN,STAGE_4
2001,WHITE,STAGE_4
2001,AFRICAN_AMERICAN,STAGE_3
2001,WHITE,STAGE_1
2001,WHITE,STAGE_3
2001,WHITE,STAGE_1
2001,WHITE,STAGE_2
2001,AFRICAN_AMERICAN,STAGE_1
2001,AFRICAN_AMERICAN,STAGE_2
2001,WHITE,STAGE_1
2001,WHITE,STAGE_1
2001,WHITE,STAGE_1
2001,WHITE,STAGE_2
2001,AMERICAN_INDIAN,STAGE_3
2001,AFRICAN_AMERICAN,STAGE_1
2001,WHITE,STAGE_1
2001,WHITE,STAGE_3
2001,AFRICAN_AMERICAN,STAGE_2
2001,WHITE,STAGE_1
2001,WHITE,STAGE_1
2001,AFRICAN_AMERICAN,STAGE_1
2001,ASIAN,STAGE_2
2001,AFRICAN_AMERICAN,STAGE_1
2001,AFRICAN_AMERICAN,STAGE_1
2001,WHITE,STAGE_2
2001,WHITE,STAGE_1
2001,AMERICAN_INDIAN,STAGE_3
2001,SOME_OTHER_RACE,STAGE_3
2001,AFRICAN_AMERICAN,STAGE_1
2002,WHITE,STAGE_1
2002,WHITE,STAGE_1
2002,WHITE,STAGE_1
2002,WHITE,STAGE_1
2002,WHITE,STAGE_1
2002,WHITE,STAGE_1
2002,WHITE,STAGE_1
2002,AMERICAN_INDIAN,STAGE_2
2002,WHITE,STAGE_1
2002,WHITE,STAGE_1
2002,AFRICAN_AMERICAN,STAGE_1
2002,AFRICAN_AMERICAN,STAGE_1
2002,WHITE,STAGE_1
2002,WHITE,STAGE_1
2002,WHITE,STAGE_1
2002,AFRICAN_AMERICAN,STAGE_1
2002,AFRICAN_AMERICAN,STAGE_1
2002,WHITE,STAGE_1
2002,AMERICAN_INDIAN,STAGE_2
2002,ASIAN,STAGE_3
2002,WHITE,STAGE_1
2002,WHITE,STAGE_1
2002,AFRICAN_AMERICAN,STAGE_1
2002,WHITE,STAGE_1
2002,WHITE,STAGE_1
2002,AFRICAN_AMERICAN,STAGE_1
2002,AFRICAN_AMERICAN,STAGE_1
2002,AFRICAN_AMERICAN,STAGE_1
2002,WHITE,STAGE_1
2002,AFRICAN_AMERICAN,STAGE_1
2002,WHITE,STAGE_1
2002,AFRICAN_AMERICAN,STAGE_2
2002,WHITE,STAGE_1
2002,AFRICAN_AMERICAN,STAGE_2
2002,WHITE,STAGE_1
2002,WHITE,STAGE_2
2002,AFRICAN_AMERICAN,STAGE_1
2002,AFRICAN_AMERICAN,STAGE_1
2002,AMERICAN_INDIAN,STAGE_3
2002,WHITE,STAGE_1
2002,AFRICAN_AMERICAN,STAGE_1
2002,AFRICAN_AMERICAN,STAGE_1
2002,WHITE,STAGE_2
2002,AFRICAN_AMERICAN,STAGE_1
2002,WHITE,STAGE_1
2002,AFRICAN_AMERICAN,STAGE_4
2003,WHITE,STAGE_1
2003,WHITE,STAGE_1
2003,AFRICAN_AMERICAN,STAGE_1
2003,AFRICAN_AMERICAN,STAGE_1
2003,WHITE,STAGE_1
2003,ASIAN,STAGE_2
2003,WHITE,STAGE_2
2003,WHITE,STAGE_1
2003,AFRICAN_AMERICAN,STAGE_2
2003,WHITE,STAGE_3
2003,WHITE,STAGE_1
2003,ASIAN,STAGE_3
2003,AFRICAN_AMERICAN,STAGE_1
2003,AFRICAN_AMERICAN,STAGE_1
2003,ASIAN,STAGE_2
2003,WHITE,STAGE_1
2003,AFRICAN_AMERICAN,STAGE_1
2003,WHITE,STAGE_1
2003,WHITE,STAGE_2
2003,AFRICAN_AMERICAN,STAGE_1
2003,WHITE,STAGE_1
2003,AFRICAN_AMERICAN,STAGE_1
2003,WHITE,STAGE_3
2003,ASIAN,STAGE_3
2003,WHITE,STAGE_3
2003,AFRICAN_AMERICAN,STAGE_1
2003,AFRICAN_AMERICAN,STAGE_1
2003,WHITE,STAGE_1
2003,AFRICAN_AMERICAN,STAGE_1
2003,AFRICAN_AMERICAN,STAGE_1
2003,WHITE,STAGE_2
2003,AFRICAN_AMERICAN,STAGE_1
2003,SOME_OTHER_RACE,STAGE_2
2003,AFRICAN_AMERICAN,STAGE_1
2003,AMERICAN_INDIAN,STAGE_2
2003,ASIAN,STAGE_2
2003,AFRICAN_AMERICAN,STAGE_1
2003,WHITE,STAGE_1
2003,AFRICAN_AMERICAN,STAGE_1
2003,AFRICAN_AMERICAN,STAGE_1
2003,AFRICAN_AMERICAN,STAGE_1
2003,WHITE,STAGE_1
2003,AFRICAN_AMERICAN,STAGE_1
2003,WHITE,STAGE_1
2003,AFRICAN_AMERICAN,STAGE_1
2003,WHITE,STAGE_1
2003,AFRICAN_AMERICAN,STAGE_1
2003,WHITE,STAGE_1
2003,AFRICAN_AMERICAN,STAGE_1
2003,AFRICAN_AMERICAN,STAGE_1
2003,WHITE,STAGE_1
2003,WHITE,STAGE_2
2003,WHITE,STAGE_2
2003,AFRICAN_AMERICAN,STAGE_1
2003,AFRICAN_AMERICAN,STAGE_1
2003,WHITE,STAGE_1
2003,AFRICAN_AMERICAN,STAGE_3
2004,WHITE,STAGE_1
2004,WHITE,STAGE_4
2004,AMERICAN_INDIAN,STAGE_2
2004,WHITE,STAGE_1
2004,AFRICAN_AMERICAN,STAGE_1
2004,AFRICAN_AMERICAN,STAGE_1
2004,WHITE,STAGE_1
2004,WHITE,STAGE_3
2004,WHITE,STAGE_2
2004,AFRICAN_AMERICAN,STAGE_1
2004,WHITE,STAGE_2
2004,SOME_OTHER_RACE,STAGE_3
2004,WHITE,STAGE_1
2004,SOME_OTHER_RACE,STAGE_2
2004,AFRICAN_AMERICAN,STAGE_1
2004,WHITE,STAGE_1
2004,WHITE,STAGE_1
2004,AFRICAN_AMERICAN,STAGE_1
2004,WHITE,STAGE_1
2004,WHITE,STAGE_1
2004,WHITE,STAGE_1
2004,AFRICAN_AMERICAN,STAGE_1
2004,WHITE,STAGE_1
2004,AFRICAN_AMERICAN,STAGE_1
2004,WHITE,STAGE_1
2004,AFRICAN_AMERICAN,STAGE_1
2004,AFRICAN_AMERICAN,STAGE_1
2004,AFRICAN_AMERICAN,STAGE_1
2004,AMERICAN_INDIAN,STAGE_2
2004,WHITE,STAGE_1
2004,WHITE,STAGE_1
2004,AFRICAN_AMERICAN,STAGE_1
2004,AMERICAN_INDIAN,STAGE_3
2004,AFRICAN_AMERICAN,STAGE_1
2004,WHITE,STAGE_1
2004,WHITE,STAGE_1
2004,WHITE,STAGE_1
2004,WHITE,STAGE_1
2004,WHITE,STAGE_1
2004,WHITE,STAGE_1
2004,AFRICAN_AMERICAN,STAGE_1
2004,AFRICAN_AMERICAN,STAGE_2
2004,WHITE,STAGE_1
2004,AFRICAN_AMERICAN,STAGE_1
2004,SOME_OTHER_RACE,STAGE_4
2004,AFRICAN_AMERICAN,STAGE_1
2004,AFRICAN_AMERICAN,STAGE_1
2004,WHITE,STAGE_1
2004,AFRICAN_AMERICAN,STAGE_1
2004,AFRICAN_AMERICAN,STAGE_1
2004,AFRICAN_AMERICAN,STAGE_1
2004,WHITE,STAGE_1
2004,ASIAN,STAGE_2
2004,WHITE,STAGE_1
2004,WHITE,STAGE_1
2004,WHITE,STAGE_1
2004,WHITE,STAGE_1
2004,WHITE,STAGE_1
2004,WHITE,STAGE_1
