Type,Label,Percent,Screening,Year
Age,50-59,47,COLONOSCOPY,2000
Age,60-64,63,COLONOSCOPY,2000
Age,65+,68,COLONOSCOPY,2000
Uninsured,AFRICAN_AMERICAN,20,COLONOSCOPY,2000
Uninsured,WHITE,23,COLONOSCOPY,2000
Insured,AFRICAN_AMERICAN,60,COLONOSCOPY,2000
Insured,WHITE,62,COLONOSCOPY,2000
Age,50-59,43,COLONOSCOPY,2001
Age,60-64,63,COLONOSCOPY,2001
Age,65+,68,COLONOSCOPY,2001
Age,50-59,47,COLONOSCOPY,2002
Age,60-64,63,COLONOSCOPY,2002
Age,65+,68,COLONOSCOPY,2002
Age,50-59,47,COLONOSCOPY,2003
Age,60-64,63,COLONOSCOPY,2003
Age,65+,68,COLONOSCOPY,2003
Age,50-59,47,COLONOSCOPY,2004
Age,60-64,63,COLONOSCOPY,2004
Age,65+,68,COLONOSCOPY,2004
